West Coast OBON,Group,Target,Primer Target Region,Forward Primer Name,Forward Sequence,Reverse Primer Name,Reverse Sequence,Taq,Protocol,Citation,Notes on Selection
Yes,MBON,Microbes,16S V4,515F,GTGYCAGCMGCCGCGGTAA,926R,CCGYCAATTYMTTTRAGTTT,AmpliTaq Gold Fast PCR Master Mix,https://mbari-bog.github.io/MBON-Protocols/eDNA_16S_PCR_V3.html,"Parada, A., Needham, D. M. & Fuhrman, J. A. Every base matters: assessing small subunit rRNA primers for marine microbiomes with mock communities, time-series and global field samples. Environ. Microbiol. (2015). doi:10.1111/1462-2920.13023","Widely adopted and most benchmarked, MBARI using this with Rockfish cruises"
"No, different Taq",Fuhrman Lab,Microbes,16S V4,515F,GTGYCAGCMGCCGCGGTAA,926R,CCGYCAATTYMTTTRAGTTT,5 PRIME HotMasterMix,https://www.protocols.io/view/fuhrman-lab-515f-926r-16s-and-18s-rrna-gene-sequen-j8nlkpd1g5r7/v2,,
"No, different Taq",NCOG,Microbes,16S V4,515F,GTGYCAGCMGCCGCGGTAA,926R,CCGYCAATTYMTTTRAGTTT,TruFi Azura,https://www.protocols.io/view/amplicon-library-preparation-bp2l6b4j5gqe/v1,"Parada, A., Needham, D. M. & Fuhrman, J. A. Every base matters: assessing small subunit rRNA primers for marine microbiomes with mock communities, time-series and global field samples. Environ. Microbiol. (2015). doi:10.1111/1462-2920.13023",
"No, different taq and primer",Earth Microbiome Project/MBON,Microbes,16S V4,515F,GTGYCAGCMGCCGCGGTAA,806R,GGACTACNVGGGTWTCTAAT,Platinum Hot Start PCR Master Mix (2x) from ThermoFisher (cat. no. 13000014),https://earthmicrobiome.org/protocols-and-standards/16s/,Many see link,this was also used by NWFSC
,,,,,,,,,,,
,,,,,,,,,,,
Yes,NCOG,Phytoplankton,18S v4,18s v4 V4F-TAReuk454FWD1,CCAGCASCYGCGGTAATTCC,18s v4 V4RB-TAReukREV3,ACTTTCGTTCTTGATYR,TruFi Azura,https://www.protocols.io/view/amplicon-library-preparation-bp2l6b4j5gqe/v1,"Stoeck, T., Bass, D., Nebel, M., Christen, R., Jones, M. D., BREINER, H. W., & Richards, T. A. (2010). Multiple marker parallel tag environmental DNA sequencing reveals a highly complex eukaryotic community in marine anoxic water. Molecular ecology, 19, 21-31.; Balzano et al. 2015 https://doi.org/10.3354/ame01740","NCOG time series, PR2 benchmarked primer set"
"No, different taq and reverse primer",PR2,Phytoplankton,18S v4,18s v4 V4F-TAReuk454FWD1,CCAGCASCYGCGGTAATTCC,18S V4R_Zig / V4 18S Next.Rev,ACTTTCGTTCTTGATYRATGA,Phusion High Fidelity PCR Master Mix with GC buffer,https://www.protocols.io/view/18s-v4-rrna-amplification-from-total-genomic-dna-f-yxmvmxdmnl3p/v1?comment_id=133929&step=2.1,Piredda et al. 2017 https://doi.org/10.1093/femsec/fiw200,
,,,,,,,,,,,
Yes,NCOG,Phytoplankton,18S v9,18s v9 1389 F,TTGTACACACCGCCC,18s v9 1510 R,CCTTCYGCAGGTTCACCTAC,TruFi Azura,https://www.protocols.io/view/amplicon-library-preparation-bp2l6b4j5gqe/v1,"Amaral-Zettler, L. A., McCliment, E. A., Ducklow, H. W. & Huse, S. M. A method for studying protistan diversity using massively parallel sequencing of V9 hypervariable regions of small-subunit ribosomal RNA Genes. PLoS ONE 4, (2009).","NCOG time series, PR2 benchmarked primer set"
"No, different taq",Tara Oceans,Phytoplankton,18S v9,18s v9 1389 F,TTGTACACACCGCCC,18s v9 1510 R,CCTTCYGCAGGTTCACCTAC,Phusion High Fidelity PCR Master Mix with GC buffer,https://www.protocols.io/view/18s-and-16s-rrna-genes-amplicon-generation-for-euk-ewov1r52lr24/v1?step=2,"Amaral-Zettler, L. A., McCliment, E. A., Ducklow, H. W. & Huse, S. M. A method for studying protistan diversity using massively parallel sequencing of V9 hypervariable regions of small-subunit ribosomal RNA Genes. PLoS ONE 4, (2009).",
"No, different taq and primer (F is 2bp frameshift, R is 4 bp frameshift",MBARI/Earth Microbiome Project/MBON,Phytoplankton,18S v9,Euk1391F,GTACACACCGCCCGTC,EukBr (1510r),TGATCCTTCTGCAGGTTCACCTAC,Platinum Hot Start PCR Master Mix (2x) from ThermoFisher (cat. no. 13000014),https://mbari-bog.github.io/MBON-Protocols/eDNA_18S_PCR_V3.html,"Amaral-Zettler LA, McCliment EA, Ducklow HW, Huse SM (2009) A Method for Studying Protistan Diversity Using Massively Parallel Sequencing of V9 Hypervariable Regions of Small-Subunit Ribosomal RNA Genes. PLoS ONE 4(7): e6372. doi:10.1371/journal.pone.000637",https://earthmicrobiome.org/protocols-and-standards/18s/ this primer set was also used by NWFSC
,,,,,,,,,,,
,,,,,,,,,,https://zenodo.org/records/14834590,
Yes,MURI,Fish,12S,MiFish-U-F_mod,GCCGGTAAAACTCGTGCCAGC,MiFish-U-R,CATAGTGGGGTATCTAATCCCAGTTTG,NEB 2X Phusion Master Mix,https://drive.google.com/file/d/15s1KfLccbXUQExfHI0RWwWSu1QNImBCt/view?usp=drive_link,,MURI tested
Yes,MURI,Marine Mammals,dloop,Baker F Dlp1.5-H,TCACCCAAAGCTGRARTTCTA,Baker R Oordlp4,GCGGGTTGCTGGTTTCACG,NEB 2X Phusion Master Mix,https://drive.google.com/file/d/15s1KfLccbXUQExfHI0RWwWSu1QNImBCt/view?usp=drive_link,https://zenodo.org/records/11398094,MURI tested
Yes,MBARI/MBON,Universal,CO1,Leray F,GGWACWGGWTGAACWGTWTAYCCYCC,Leray R,TAAACTTCAGGGTGACCAAAAAATCA,AmpliTaq Gold Fast,https://www.protocols.io/view/environmental-dna-edna-coi-metabarcoding-illumina-rm7vzey2vx1w/v1?step=2,,MBARI longest West Coast CO1 time series
Yes,MURI,cephalopods,18S,Ceph18S_F,CGCGGCGCTACATATTAGAC,Ceph18S_R,GCACTTAACCGACCGTCGAC,NEB 2X Phusion Master Mix,https://drive.google.com/file/d/15s1KfLccbXUQExfHI0RWwWSu1QNImBCt/view?usp=drive_link,,MURI tested
,,,,,,,,,,,
,,,,,,,,,,,
,,,,,,,,,,,
,,,,,,,,,,,
,,,,,,,,,,,