West Coast OBON,Obtained From,Target organism,Non-target organisms captured,Primer Target Region,Forward Primer Name,Alternate primer name,Forward Sequence,Reverse Primer Name,Alternate primer name,Reverse Sequence,Taq,Target amplicon size (bp),F length,R length,Illumina Nextera Adapter,Final amplicon size (bp) assuming Nextera ligation,Recommended sequencing chemistry,Protocol,Citation,Notes on Selection,Other notes
Yes,MBON,Prokaryotic microbes,"Chloroplasts, mitochondria",16S V4-V5,515F,515Y,GTGYCAGCMGCCGCGGTAA,926R,,CCGYCAATTYMTTTRAGTTT,AmpliTaq Gold Fast,336 - 486,19,20,165,525,2 x 250 bp PE,https://mbari-bog.github.io/MBON-Protocols/eDNA_16S_PCR_V3.html,https://doi.org/10.1111/1462-2920.13023,"Widely adopted and most benchmarked, MBARI using this with Rockfish cruises",
Yes,NCOG,Phytoplankton,"Zooplankton, other eukaryotes",18S V4,18S_V4F,18s v4 V4F-TAReuk454FWD1,CCAGCASCYGCGGTAATTCC,18s v4 R,18s v4 V4RB-TAReukREV3,ACTTTCGTTCTTGATYR,TruFi Azura,270,20,17,165,307,2 x 250 bp PE,https://www.protocols.io/view/amplicon-library-preparation-bp2l6b4j5gqe/v1,https://doi.org/10.1111/j.1365-294X.2009.04480.x and https://doi.org/10.3354/ame01740,"NCOG time series, PR2 benchmarked primer set",NCOG protocol is for a 1-step PCR; Roscoff uses an updated reverse V4 primer from Piredda et al. 2017 (https://doi.org/10.1093/femsec/fiw200)
Yes,NCOG,Phytoplankton,"Zooplankton, other eukaryotes ",18S V9,18S V9 1389 F,,TTGTACACACCGCCC,18s v9 1510 R,,CCTTCYGCAGGTTCACCTAC,TruFi Azura,87 - 186,15,20,165,221,2x 150 bp PE,https://www.protocols.io/view/amplicon-library-preparation-bp2l6b4j5gqe/v1,https://doi.org/10.1371/journal.pone.0006372,"NCOG time series, PR2 benchmarked primer set",NCOG protocol is for a 1-step PCR
Yes,"MURI (NWFSC, SWFSC, UW, SIO)",Fish,"vertebrates including marine mammals, birds, reptiles",12S,MiFish-U-F_mod,,GCCGGTAAAACTCGTGCCAGC,MiFish-U-R,,CATAGTGGGGTATCTAATCCCAGTTTG,NEB 2X Phusion Master Mix,163 - 185,21,27,165,233,2x 250 bp PE,https://zenodo.org/records/14834590,https://doi.org/10.1002/edn3.14 & http://dx.doi.org/10.1098/rsos.150088,MURI tested; 2 x 150 PE sequencing also acceptable for sequencing,The forward MiFish primer was modified in Sales et al. 2019 although it is not explicitly stated in the manuscript.
Yes,"MURI (NWFSC, SWFSC, UW, SIO)",Marine Mammals,Mammals,dloop,Baker F Dlp1.5-H,,TCACCCAAAGCTGRARTTCTA,Baker R Oordlp4,,GCGGGTTGCTGGTTTCACG,NEB 2X Phusion Master Mix,389,21,19,165,429,2x 300 bp PE,https://zenodo.org/records/11398094,https://doi.org/10.1046/j.1365-294x.1998.00380.x & https://doi.org/10.3389/fmars.2018.00133,MURI tested,
Yes,"MURI (NWFSC, SWFSC, UW, SIO)",cephalopods,cephalopods,18S,Ceph18S_F,,CGCGGCGCTACATATTAGAC,Ceph18S_R,,GCACTTAACCGACCGTCGAC,NEB 2X Phusion Master Mix,140 - 190,20,20,165,230,2x 150 bp PE,https://zenodo.org/records/14834590,https://doi.org/10.1098/rsos.201388,MURI tested,
Yes,MBARI,Phytoplankton and Zooplankton,,18S V9,Euk1391F,,GTACACACCGCCCGTC,EukBr,,TGATCCTTCTGCAGGTTCACCTAC,AmpliTaq Gold Fast,median: 127,,,,,2x 150 bp PE,dx.doi.org/10.17504/protocols.io.36wgq3d8olk5/v2,dx.doi.org/10.17504/protocols.io.36wgq3d8olk5/v2,Protocol in use and stable,
Yes,MBARI,Phytoplankton and Zooplankton,,COI,mlCOIinfF,Leray F,GGWACWGGWTGAACWGTWTAYCCYCC,HCO2198,,TAAACTTCAGGGTGACCAAAAAATCA,AmpliTaq Gold Fast,median: 308,26,26,165,365,2x 250 bp PE,https://mbari-bog.github.io/MBON-Protocols/eDNA_COI_PCR_V2.html,(older version - need to update) dx.doi.org/10.17504/protocols.io.mwnc7de,Protocol in use and stable,"https://doi.org/10.1186/1742-9994-10-34, https://www.mbari.org/wp-content/uploads/2016/01/Folmer_94MMBB.pdf"
Yes,MBARI,Bony Fish,Bacteria,12S,MiFish-U-F,,GTCGGTAAAACTCGTGCCAGC,MiFish-U-R,,CATAGTGGGGTATCTAATCCCAGTTTG,Platinum SuperFi II,median: 170,,,,,2x 250 bp PE,dx.doi.org/10.17504/protocols.io.e6nvwdm39lmk/v2,dx.doi.org/10.17504/protocols.io.e6nvwdm39lmk/v2,Protocol has been used for datasets but currently undergoing testing and revision of PCR conditions for future 12S work to optimize diversity,
